tag,time,ex,ey,ez,ax,ay,az,lx,ly,lz,x,y,z
head_imu,0.04166667,1.806302,284.1409,7.800005,-0.001323223,-9.876771,-0.1479566,-9.7621,-1.482382,0.2764763,-0.0887107,1.720677,0.03420119
head_imu,0.09166667,1.592057,283.6932,8.545565,-0.02129674,-9.732099,-0.2288774,-9.587465,-1.670619,0.2369116,-0.08876725,1.720655,0.0332591
head_imu,0.1416667,1.308337,282.9664,9.561164,-0.06041229,-9.79466,-0.1999229,-9.621155,-1.831905,0.2376493,-0.08897483,1.720646,0.03181721
head_imu,0.1916667,1.099267,282.0618,10.59429,-0.1280665,-9.807057,-0.1991257,-9.59581,-2.02015,0.2717582,-0.08950258,1.720619,0.02987751
head_imu,0.2416668,1.0168,280.9148,11.63535,-0.3814071,-9.841342,-0.8804671,-9.445055,-2.901278,0.3824,-0.09098385,1.72049,0.02573663
head_imu,0.2916667,1.015465,279.9946,12.77554,-0.550124,-9.85908,-0.5700245,-9.460592,-2.818673,0.6175012,-0.09384042,1.720212,0.0201707
head_imu,0.3416667,0.9958136,279.1281,13.99605,-0.581798,-9.895606,-0.2585123,-9.50733,-2.727918,0.7053179,-0.09815149,1.719695,0.01395848
head_imu,0.3916666,1.146038,278.1507,15.20924,-0.8760035,-9.968228,-0.5577731,-9.424516,-3.263103,0.9872903,-0.1046526,1.718758,0.00635183
head_imu,0.4416666,1.370438,277.06,16.402,-0.7579178,-9.954877,-0.2725816,-9.427843,-3.154221,0.9565485,-0.1130484,1.717434,-0.001936274
head_imu,0.4916665,1.721246,276.0259,17.51581,-0.4975259,-9.93299,-0.1884153,-9.382442,-3.212374,0.7731394,-0.1226881,1.715777,-0.01069542
head_imu,0.5416665,2.067548,275.0294,18.6618,0.01198947,-9.976668,-0.1873711,-9.387561,-3.366439,0.3315846,-0.1322978,1.713679,-0.01992298
head_imu,0.5916665,2.095363,274.2532,20.17405,0.6769657,-10.09135,-0.157057,-9.452772,-3.586457,-0.3173221,-0.1402151,1.710852,-0.0295432
head_imu,0.6416664,1.778421,273.568,21.88367,1.277053,-10.01949,-0.01628011,-9.353331,-3.688784,-0.9640289,-0.1449398,1.707476,-0.03920411
head_imu,0.6916664,1.391546,272.8997,23.4704,1.663679,-9.792991,0.1884571,-9.125408,-3.665294,-1.413709,-0.1455053,1.704118,-0.04839388
head_imu,0.7416663,1.265444,272.5114,25.31464,1.686889,-9.622426,0.3151193,-8.895881,-3.777823,-1.458549,-0.1418535,1.701204,-0.05679585
head_imu,0.7916663,0.4717537,272.9774,26.59775,1.576769,-9.35039,0.3269896,-8.554912,-3.826773,-1.480618,-0.1342598,1.699414,-0.06438035
head_imu,0.8416662,0.4539178,273.5372,28.46409,1.245907,-9.564252,0.1599818,-8.529154,-4.354964,-1.157854,-0.1235514,1.698214,-0.07156489
head_imu,0.8916662,0.1082756,274.0839,29.75356,0.7755756,-9.930749,-0.1130074,-8.594296,-4.978974,-0.7628865,-0.110904,1.696686,-0.07903195
head_imu,0.9416661,359.6552,274.4131,30.47389,0.1941234,-10.09945,-0.05554557,-8.682624,-5.156057,-0.2585988,-0.09777133,1.69441,-0.08663788
head_imu,0.9916661,359.3176,274.7845,31.35046,-0.5066097,-10.12582,0.2637178,-8.766951,-5.082724,0.4062048,-0.08590516,1.691319,-0.09358451
head_imu,1.041666,359.6811,275.0365,31.64647,-1.034427,-9.744544,0.694713,-8.616035,-4.604026,1.037161,-0.07662506,1.688367,-0.09879436
head_imu,1.091666,359.7177,274.9454,31.50879,-1.327896,-9.238524,0.9960324,-8.341008,-4.083472,1.363291,-0.0706647,1.686819,-0.1015141
head_imu,1.141666,359.5638,274.5193,31.06453,-1.447934,-8.965392,0.871852,-8.078884,-3.985211,1.443823,-0.06832418,1.687357,-0.1020543
head_imu,1.191666,359.38,273.9939,30.57506,-1.499808,-8.821006,0.4707783,-7.794115,-4.180706,1.433415,-0.06973317,1.690342,-0.1014175
head_imu,1.241666,359.3063,273.3095,30.15905,-1.462975,-9.103484,-0.1894474,-7.748329,-4.818648,1.339274,-0.0747996,1.695069,-0.1012543
head_imu,1.291666,359.6886,272.7605,30.45243,-1.183659,-10.02268,-1.022542,-8.098699,-6.012373,1.078554,-0.08282518,1.699239,-0.1036474
head_imu,1.341666,0.380166,272.7473,30.96592,-0.5217552,-11.00549,-1.621199,-8.588125,-7.07098,0.5164633,-0.09215515,1.700396,-0.1100936
head_imu,1.391666,0.4556006,272.4128,31.86742,0.4720151,-11.34395,-2.070841,-8.555717,-7.731533,-0.4685535,-0.1003051,1.697693,-0.1217168
head_imu,1.441666,0.3077237,271.8068,32.52664,1.405105,-10.93997,-2.212366,-8.065331,-7.713563,-1.415385,-0.1049422,1.692139,-0.138871
head_imu,1.491666,0.003614878,271.2624,32.47491,1.983389,-10.03532,-1.896265,-7.471717,-6.950825,-2.024052,-0.1046209,1.685997,-0.1607659
head_imu,1.541666,359.4909,270.7973,32.14793,2.179095,-9.138675,-1.59561,-6.887823,-6.17732,-2.282204,-0.0988519,1.681509,-0.1866497
head_imu,1.591666,358.8736,270.3696,31.9034,2.154291,-8.924432,-1.448995,-6.780322,-5.911363,-2.338612,-0.08769713,1.67921,-0.2161561
head_imu,1.641665,358.053,270.0067,31.66549,2.069968,-9.493299,-1.28668,-7.340151,-6.038722,-2.391459,-0.07136744,1.677677,-0.2488791
head_imu,1.691665,356.7794,269.5047,31.59428,1.836516,-9.730716,-0.7407069,-7.791399,-5.680434,-2.373824,-0.05044645,1.676318,-0.283454
head_imu,1.741665,355.6443,268.7711,31.32194,1.322749,-9.804339,0.1875103,-8.347907,-4.89375,-2.067263,-0.0262186,1.674947,-0.31756
head_imu,1.791665,355.1388,267.8068,31.05368,0.5024379,-9.633489,1.429796,-8.90984,-3.719621,-1.371149,-0.000734652,1.673993,-0.3480916
head_imu,1.841665,354.4262,266.9103,30.33624,-0.3083175,-8.960004,2.797592,-9.129101,-2.086404,-0.7139233,0.0239785,1.675139,-0.3716291
head_imu,1.891665,353.382,265.8748,29.77139,-0.9152061,-8.763165,3.561378,-9.418028,-1.21939,-0.3576754,0.04640364,1.678877,-0.3862633
head_imu,1.941665,352.3805,265.1886,29.46378,-1.183277,-9.003205,3.797579,-9.779093,-1.064275,-0.3407869,0.06587059,1.684607,-0.3914035
head_imu,1.991665,351.3018,264.3972,29.59205,-1.082362,-9.357972,3.800082,-10.05641,-1.24024,-0.7171372,0.08263163,1.691442,-0.3870434
head_imu,2.041666,349.6133,263.3943,29.98842,-0.1021445,-9.753461,3.688252,-10.096,-1.582584,-2.075998,0.09913731,1.698394,-0.3734628
head_imu,2.091666,347.9246,262.65,30.69701,-0.6421536,-11.05532,2.435505,-10.62945,-3.405912,-1.99466,0.1140376,1.702207,-0.3537934
head_imu,2.141667,346.514,262.1403,30.35353,0.1785904,-10.89925,1.824379,-9.961006,-3.767213,-2.956423,0.1293844,1.703272,-0.329563
head_imu,2.191668,345.1536,261.4425,29.29606,0.1256078,-10.73403,0.7173777,-9.335031,-4.445739,-2.973622,0.1450452,1.702002,-0.3035392
head_imu,2.241668,343.9276,260.8241,27.81789,-0.4362702,-9.861989,-0.2607942,-8.40932,-4.649526,-2.276496,0.1596153,1.700577,-0.2781674
head_imu,2.291669,343.1625,260.4698,26.52324,-1.10991,-9.37676,-1.117754,-7.95167,-4.995197,-1.491258,0.1714106,1.70021,-0.25559
head_imu,2.34167,342.702,259.7952,26.31787,-1.421958,-9.564919,-1.819927,-7.962241,-5.655478,-1.200032,0.1796511,1.700431,-0.2375623
head_imu,2.39167,342.9407,259.514,26.33009,-1.5342,-9.812732,-1.909959,-8.186627,-5.835354,-1.104169,0.184056,1.70062,-0.2243096
head_imu,2.441671,343.3256,259.3778,26.05517,-1.348835,-10.32376,-1.68066,-8.689825,-5.810642,-1.395477,0.1850889,1.699499,-0.2152586
head_imu,2.491672,343.5197,259.2221,26.07743,-0.902915,-10.24107,-1.347309,-8.60326,-5.496058,-1.813109,0.1838645,1.697276,-0.2095758
head_imu,2.541672,344.1243,259.2192,26.24675,-0.6551027,-9.690804,-1.149678,-8.125525,-5.129085,-1.825089,0.1810023,1.695326,-0.2067672
head_imu,2.591673,345.1935,259.5204,26.96909,-0.5382001,-9.457011,-1.305068,-7.785706,-5.291777,-1.675654,0.1767946,1.694233,-0.2072212
head_imu,2.641674,346.6301,260.2108,28.18424,-0.6415725,-9.665532,-1.615191,-7.773217,-5.847232,-1.352752,0.170983,1.693477,-0.2117133
head_imu,2.691674,348.6823,261.2472,28.73611,-0.9984255,-10.00285,-1.778144,-8.044852,-6.242027,-0.7301136,0.1626753,1.692213,-0.2206507
head_imu,2.741675,350.6531,262.9544,29.12098,-1.236308,-10.36901,-1.480222,-8.496765,-6.24134,-0.2942077,0.1512768,1.689527,-0.2332886
head_imu,2.791676,352.5167,264.8624,29.3893,-1.261652,-10.44487,-0.7867634,-8.844648,-5.751208,-0.04457409,0.1367243,1.685229,-0.2478935
head_imu,2.841676,354.2964,266.9206,29.45634,-1.162976,-10.2806,0.2894104,-9.179306,-4.780526,0.1183659,0.1192642,1.679729,-0.2617748
head_imu,2.891677,355.5806,269.4544,28.90929,-0.7921785,-9.795327,1.617295,-9.387044,-3.327858,0.01963411,0.09982378,1.674241,-0.2716129
head_imu,2.941678,356.5451,272.0041,27.15336,-0.4240304,-9.047647,2.668393,-9.273856,-1.776168,-0.02908413,0.07932324,1.670633,-0.2747801
head_imu,2.991678,357.3405,274.8032,24.53897,-0.1982105,-8.502717,3.291655,-9.101753,-0.5678603,0.07809422,0.05832717,1.670269,-0.2697181
head_imu,3.041679,358.1997,277.6794,22.03949,-0.05688548,-8.440537,3.302717,-9.059743,-0.1447089,0.2323069,0.03718889,1.673304,-0.2563992
head_imu,3.09168,358.9534,280.0713,19.38583,-0.08563459,-8.571668,2.740806,-8.984818,-0.3166673,0.4069427,0.01583652,1.679409,-0.2362284
head_imu,3.14168,359.2622,282.1591,16.65258,-0.1603305,-8.899732,1.899266,-9.055019,-0.8057819,0.4421272,-0.005916669,1.687765,-0.2113094
head_imu,3.191681,359.5402,283.328,14.3021,-0.2537245,-9.533544,0.9171903,-9.44736,-1.547799,0.381802,-0.02830417,1.696788,-0.1840975
head_imu,3.241682,0.08184149,283.9415,13.32722,-0.1629949,-10.41646,-0.01375079,-10.12358,-2.452265,0.1697592,-0.05109917,1.704269,-0.1569199
head_imu,3.291682,0.9841548,284.393,12.80702,0.259468,-11.11369,-0.5183578,-10.74497,-2.89134,-0.1892296,-0.07324549,1.708466,-0.1310382
head_imu,3.341683,1.498577,284.8611,12.16132,0.8780509,-11.01775,-0.6850928,-10.70094,-2.753075,-0.7359031,-0.09319668,1.709618,-0.1068692
head_imu,3.391684,1.710659,285.4812,11.50854,1.55009,-10.59403,-0.5795658,-10.39575,-2.264407,-1.33156,-0.1092727,1.708786,-0.08414918
head_imu,3.441684,1.520256,285.7087,10.84679,1.946276,-9.816642,-0.4688084,-9.704225,-1.782371,-1.73937,-0.1204829,1.707911,-0.06260116
head_imu,3.491685,1.22051,285.9062,10.69074,1.886407,-9.277482,-0.7043618,-9.126639,-1.886204,-1.809151,-0.1269772,1.708344,-0.04281403
head_imu,3.541686,0.8291669,286.0776,11.25411,1.585814,-9.558673,-1.086801,-9.281693,-2.463923,-1.68625,-0.1295069,1.709379,-0.02574392
head_imu,3.591686,0.3475781,285.8162,12.27342,1.298487,-9.692473,-1.459604,-9.257235,-3.088919,-1.588317,-0.1287904,1.710683,-0.01232281
head_imu,3.641687,359.4692,285.365,14.2788,1.197177,-9.756703,-1.74478,-9.103655,-3.725635,-1.707011,-0.125081,1.712096,-0.003263651
head_imu,3.691688,358.4349,284.6914,17.20549,1.191989,-9.931703,-1.960835,-8.96903,-4.446442,-1.920959,-0.1183916,1.713179,0.000893419
head_imu,3.741688,357.3745,283.9864,20.5757,1.160502,-10.05682,-2.042484,-8.737974,-5.097544,-2.078725,-0.1088009,1.71362,-5.572041E-05
head_imu,3.791689,356.5619,283.214,24.37373,1.027542,-10.42394,-2.022133,-8.682423,-5.837076,-2.085072,-0.0966414,1.712502,-0.006060192
head_imu,3.84169,355.8487,282.7027,26.99902,0.6786317,-10.41865,-1.593811,-8.555407,-5.936516,-1.764039,-0.0827853,1.709836,-0.01604919
head_imu,3.89169,355.3022,282.5452,28.30904,0.1688153,-10.15009,-0.8377895,-8.510716,-5.471512,-1.176889,-0.06850716,1.706296,-0.02813266
head_imu,3.941691,354.8777,282.3906,28.70625,-0.3628224,-9.924073,-0.05634725,-8.632556,-4.878922,-0.5451204,-0.05513608,1.702445,-0.040357
head_imu,3.991692,355.0647,282.2893,28.48899,-0.8681968,-9.642072,0.7164246,-8.764507,-4.170362,0.1675721,-0.0439355,1.698989,-0.05079028
head_imu,4.041691,355.5556,282.5577,26.87385,-1.211554,-9.552617,1.277499,-9.040869,-3.478915,0.7156919,-0.03576379,1.696152,-0.05802982
head_imu,4.09169,356.1857,283.1361,23.95932,-1.496932,-9.410377,1.668076,-9.213647,-2.689026,1.206783,-0.03133442,1.694288,-0.06109916
head_imu,4.141689,356.8147,284.1996,20.91217,-0.9548001,-9.430165,1.335515,-9.238957,-2.394983,0.7273107,-0.02929205,1.69335,-0.06082971
head_imu,4.191689,357.4204,285.0678,18.34316,-1.11762,-9.033341,1.468518,-8.9829,-1.790474,1.052904,-0.03004372,1.694328,-0.05688897
head_imu,4.241688,357.8586,285.6582,16.28296,-1.013807,-9.081264,0.9413064,-8.932451,-1.949959,0.8900443,-0.03332992,1.697102,-0.05059496
head_imu,4.291687,358.352,286.1194,14.78148,-0.934121,-9.513373,0.3673524,-9.246392,-2.343043,0.7253807,-0.03895141,1.700594,-0.04338257
head_imu,4.341686,358.9833,286.4805,13.51276,-0.8354828,-9.858317,-0.1106337,-9.517019,-2.639951,0.5947275,-0.04666162,1.703939,-0.03644677
head_imu,4.391685,359.4734,286.8441,12.22351,-0.620985,-10.11676,-0.3869958,-9.774801,-2.680686,0.3892016,-0.05592428,1.706493,-0.03047845
head_imu,4.441685,359.7653,287.0231,11.32713,-0.2819359,-10.13207,-0.4192866,-9.840265,-2.464185,0.1053325,-0.06589179,1.708216,-0.02555835
head_imu,4.491684,359.9718,287.0577,10.62864,0.04951954,-9.946866,-0.3702715,-9.713523,-2.168247,-0.1608485,-0.07573549,1.709572,-0.02156393
head_imu,4.541683,0.09850247,287.08,10.07253,0.3250033,-9.813685,-0.3123194,-9.627576,-1.91644,-0.3855275,-0.08476669,1.710894,-0.01835031
head_imu,4.591682,0.2969818,287.0069,9.645344,0.4547238,-9.876723,-0.2957053,-9.714542,-1.802922,-0.4701278,-0.09266108,1.712025,-0.01587595
head_imu,4.641682,0.4698049,286.9206,9.223419,0.4612952,-9.876199,-0.2190631,-9.740195,-1.657962,-0.4240855,-0.09940223,1.712964,-0.01394925
head_imu,4.691681,0.6235928,286.891,8.749091,0.4211098,-9.817309,-0.1122355,-9.70946,-1.479135,-0.3286803,-0.1050906,1.713861,-0.01230314
head_imu,4.74168,0.6986658,286.8024,8.480606,0.3617913,-9.82861,-0.07586107,-9.729575,-1.418414,-0.2484002,-0.1098745,1.714686,-0.01084668
head_imu,4.791679,0.8010148,286.5472,8.213151,0.2915233,-9.832234,-0.06368235,-9.737697,-1.383296,-0.1601046,-0.1139296,1.71543,-0.009549426
right_elbow_imu,0.04166667,344.1044,240.8519,254.2936,-0.01131296,-9.817119,-0.02140626,2.544769,9.098125,-2.669229,-0.3100234,0.9742334,0.02412109
right_elbow_imu,0.09166667,344.13,240.7355,254.3158,-0.02933741,-9.78126,-0.02759323,2.536958,9.071058,-2.637153,-0.3101251,0.9742374,0.02399859
right_elbow_imu,0.1416667,344.1457,240.3309,254.3836,-0.06399155,-9.791703,-0.002461672,2.568238,9.078523,-2.620353,-0.3103867,0.9742622,0.02386993
right_elbow_imu,0.1916667,344.0964,239.835,254.3234,-0.1288652,-9.756393,0.01375675,2.616877,9.040798,-2.572937,-0.3109704,0.974396,0.02377567
right_elbow_imu,0.2416668,343.9608,239.8155,254.1542,-0.3974199,-9.707351,-0.005817413,2.760936,9.013854,-2.349122,-0.3125477,0.9747615,0.02366687
right_elbow_imu,0.2916667,343.8752,239.9961,253.9393,-0.5399466,-9.708138,0.087291,2.944832,8.97974,-2.288976,-0.3154749,0.9753566,0.02377629
right_elbow_imu,0.3416667,343.9596,240.2804,253.8971,-0.543654,-9.830256,0.1266405,3.016388,9.080274,-2.322831,-0.3197612,0.975876,0.02420232
right_elbow_imu,0.3916666,344.2086,240.4217,254.204,-0.7788181,-9.938569,0.174839,3.163314,9.211064,-2.13593,-0.3259946,0.9760491,0.02506544
right_elbow_imu,0.4416666,344.5975,240.3131,254.9335,-0.6311059,-10.08927,0.1722559,3.006696,9.391135,-2.233356,-0.3338057,0.9754989,0.0263592
right_elbow_imu,0.4916665,344.8403,239.8158,256.0583,-0.4792333,-10.07778,0.1101151,2.692442,9.450641,-2.289042,-0.342815,0.9742543,0.02792825
right_elbow_imu,0.5416665,344.8535,239.2785,257.4321,-0.2290845,-9.976072,0.04195198,2.254749,9.410229,-2.437218,-0.3523969,0.9725695,0.02960218
right_elbow_imu,0.5916665,344.6053,239.5522,258.55,0.1100063,-9.880347,0.02417117,1.85115,9.315336,-2.726146,-0.3617038,0.9706839,0.03133653
right_elbow_imu,0.6416664,344.1779,240.43,258.9272,0.5289674,-9.612722,0.07671267,1.559475,8.980441,-3.099996,-0.3696883,0.9692664,0.03326267
right_elbow_imu,0.6916664,343.3846,241.3701,258.7703,0.934124,-9.281321,0.1278624,1.353994,8.541673,-3.498338,-0.3753375,0.9691457,0.03550847
right_elbow_imu,0.7416663,342.1703,242.7586,258.2301,1.247251,-9.024663,0.2142981,1.304686,8.126377,-3.912284,-0.3778685,0.9709632,0.03829001
right_elbow_imu,0.7916663,340.8813,242.6317,257.7353,1.370227,-8.706279,0.1950622,1.2103,7.717168,-4.086003,-0.376974,0.9755151,0.0415592
right_elbow_imu,0.8416662,339.3497,243.8499,257.1521,1.317346,-8.877249,0.4286394,1.548685,7.670924,-4.413983,-0.3727861,0.9823739,0.0459
right_elbow_imu,0.8916662,338.2534,243.711,257.2054,1.068437,-9.299798,0.5568236,1.839479,7.982502,-4.56442,-0.3659271,0.9904832,0.05163285
right_elbow_imu,0.9416661,337.8928,243.1638,257.671,0.5986333,-9.783716,0.6107673,2.138813,8.498956,-4.432361,-0.3575716,0.9986331,0.05889262
right_elbow_imu,0.9916661,337.9573,242.5511,258.947,-0.05859137,-10.30554,0.6253749,2.385516,9.176465,-4.086644,-0.3493625,1.005519,0.06771583
right_elbow_imu,1.041666,337.936,242.1354,260.7077,-0.7099271,-10.34684,0.3481537,2.207766,9.532325,-3.455863,-0.3429282,1.011038,0.07740942
right_elbow_imu,1.091666,338.048,242.5124,261.5115,-1.171589,-10.13674,0.09434819,2.060381,9.574815,-2.865826,-0.3394229,1.015715,0.08733889
right_elbow_imu,1.141666,338.4138,242.5475,262.1043,-1.366591,-9.922166,-0.1373768,1.835196,9.53402,-2.463822,-0.3393341,1.020087,0.09692491
right_elbow_imu,1.191666,338.9114,241.3761,262.6676,-1.30415,-9.492488,-0.3888488,1.472596,9.223138,-2.17361,-0.3425057,1.025228,0.1055388
right_elbow_imu,1.241666,339.4869,240.1049,263.4685,-1.088154,-9.481282,-0.4965544,1.168723,9.224327,-2.207105,-0.3483976,1.031165,0.1129113
right_elbow_imu,1.291666,340.2126,240.4229,264.8779,-0.6976008,-10.10947,-0.3865451,0.8814906,9.742743,-2.67197,-0.3560336,1.036329,0.1193175
right_elbow_imu,1.341666,340.602,241.3515,266.4817,-0.03769398,-10.33692,-0.1408726,0.4950368,9.771595,-3.338283,-0.3637638,1.04015,0.1253714
right_elbow_imu,1.391666,341.4814,242.5445,268.114,0.6779432,-10.32109,0.1141667,0.1041067,9.580647,-3.898449,-0.3697991,1.042669,0.1317108
right_elbow_imu,1.441666,342.6989,242.3545,271.0444,1.194167,-9.854646,0.1124978,-0.6198316,9.068873,-3.990511,-0.372849,1.045051,0.1383315
right_elbow_imu,1.491666,343.7783,242.2524,274.5725,1.39302,-8.847613,-0.248301,-1.517914,8.088005,-3.544374,-0.3724164,1.049814,0.1443313
right_elbow_imu,1.541666,344.6863,242.5723,278.3686,1.253414,-8.285708,-0.8105159,-2.417633,7.524559,-2.901217,-0.3688502,1.058363,0.1483049
right_elbow_imu,1.591666,345.3918,242.6821,282.1278,1.101696,-8.375068,-1.478416,-3.465282,7.467208,-2.402884,-0.3625298,1.070474,0.1485825
right_elbow_imu,1.641665,346.4212,241.9958,285.6487,1.051414,-8.969445,-2.133077,-4.645301,7.770956,-2.034665,-0.3535808,1.084661,0.1435273
right_elbow_imu,1.691665,347.9577,240.5936,288.1479,0.9536147,-9.652371,-2.542585,-5.517156,8.217442,-1.605332,-0.3422478,1.099218,0.1321157
right_elbow_imu,1.741665,349.5274,238.6973,289.3281,0.5796909,-10.74609,-2.758133,-6.061904,9.252669,-1.031178,-0.3294656,1.111409,0.1138088
right_elbow_imu,1.791665,350.4883,236.4401,289.0519,-0.06477833,-11.66338,-2.713728,-5.942353,10.38922,-0.3945836,-0.3168454,1.118942,0.08871752
right_elbow_imu,1.841665,350.6559,233.3048,287.4554,-0.697577,-11.99789,-2.468592,-5.140829,11.13994,0.05944093,-0.305969,1.12098,0.05745478
right_elbow_imu,1.891665,349.6173,230.506,284.6625,-1.075804,-12.29128,-2.179035,-4.126225,11.83023,-0.03539221,-0.2977822,1.11679,0.02074445
right_elbow_imu,1.941665,347.6608,227.5593,280.9246,-0.9555936,-11.9574,-1.773146,-2.942448,11.74276,-0.6974473,-0.2919844,1.107206,-0.02039874
right_elbow_imu,1.991665,344.7884,224.381,276.8275,-0.5773544,-10.94908,-1.352078,-1.828026,10.78414,-1.550725,-0.2876299,1.09475,-0.06492213
right_elbow_imu,2.041666,340.395,221.9442,272.9621,-0.2403021,-9.931226,-2.285199,-1.862609,9.896678,-1.579762,-0.2838762,1.081966,-0.1151585
right_elbow_imu,2.091666,333.8658,221.3336,269.3992,-0.7950306,-7.28559,1.433715,1.609815,6.281308,-3.704211,-0.2821101,1.075467,-0.1618106
right_elbow_imu,2.141667,325.6631,220.2346,266.4902,-1.412427,-5.851359,0.1589084,1.501789,5.195652,-2.647347,-0.2838751,1.07884,-0.2080655
right_elbow_imu,2.191668,316.5307,219.5544,263.8784,-1.870704,-4.701753,0.3094375,2.063834,3.869671,-2.543234,-0.2903168,1.094959,-0.2535467
right_elbow_imu,2.241668,307.9016,222.1962,258.7731,-1.650047,-4.225154,0.7174611,2.265668,2.660443,-2.979623,-0.3008836,1.125015,-0.2972343
right_elbow_imu,2.291669,301.4886,223.1943,254.7909,-0.4639864,-5.772443,1.358223,1.864046,2.023401,-5.273745,-0.3126104,1.16514,-0.3375263
right_elbow_imu,2.34167,298.0407,222.3879,252.8566,1.030493,-9.065146,2.287459,1.382129,1.831136,-9.121845,-0.321761,1.207102,-0.3720997
right_elbow_imu,2.39167,297.256,219.3001,253.5835,1.879692,-12.44249,3.120136,1.205099,2.244387,-12.71199,-0.3262123,1.242458,-0.3988727
right_elbow_imu,2.441671,298.0768,214.2843,256.6412,2.045345,-15.19503,3.402615,1.064948,3.503216,-15.27232,-0.3255503,1.264326,-0.4171392
right_elbow_imu,2.491672,300.0527,211.7551,257.8927,1.382041,-15.82698,3.31471,1.575388,4.629473,-15.47505,-0.3214332,1.271127,-0.4271189
right_elbow_imu,2.541672,303.3271,208.8223,260.0204,0.4692674,-14.64614,2.925062,1.974577,5.456957,-13.76985,-0.3161429,1.265813,-0.429786
right_elbow_imu,2.591673,307.6218,204.2829,263.3244,0.01857281,-13.12298,2.45223,1.709553,6.076837,-11.76334,-0.3108061,1.25219,-0.4263225
right_elbow_imu,2.641674,312.3435,201.8116,264.564,-0.2282262,-12.08806,2.112222,1.632188,6.630666,-10.19829,-0.30604,1.232848,-0.4175784
right_elbow_imu,2.691674,317.1124,199.3405,265.3561,-0.1052618,-11.39044,1.824307,1.283959,7.117318,-8.987589,-0.3015369,1.20953,-0.4042736
right_elbow_imu,2.741675,321.6526,198.7367,264.9694,0.07101297,-10.95204,1.658154,1.130104,7.530796,-8.04436,-0.2968564,1.183332,-0.3868234
right_elbow_imu,2.791676,325.6921,200.0445,263.9391,-0.07278919,-10.50033,1.595962,1.440013,7.733675,-7.136247,-0.2923578,1.155382,-0.3653833
right_elbow_imu,2.841676,329.517,201.4716,263.5582,-0.2446532,-10.04695,1.423454,1.645096,7.897003,-6.161044,-0.2884709,1.126816,-0.3403845
right_elbow_imu,2.891677,332.9092,203.2827,263.4373,-0.4934192,-9.333415,1.322043,1.866035,7.682263,-5.157975,-0.2858175,1.099416,-0.3120807
right_elbow_imu,2.941678,335.5836,205.4411,263.2026,-0.7521391,-8.360524,1.182914,2.043604,7.112927,-4.134416,-0.2850445,1.075614,-0.2808195
right_elbow_imu,2.991678,337.1401,208.0679,262.6062,-0.9932399,-7.648034,0.8024991,2.13847,6.734607,-3.192971,-0.2867545,1.057193,-0.2475521
right_elbow_imu,3.041679,337.5902,211.6131,262.0541,-1.316094,-7.30638,0.3410757,2.2419,6.660913,-2.416154,-0.2917548,1.045005,-0.213432
right_elbow_imu,3.09168,337.3673,216.0221,261.339,-1.536536,-7.344003,-0.08292198,2.257366,6.89064,-1.930192,-0.3005964,1.038958,-0.1795193
right_elbow_imu,3.14168,337.4886,219.5538,260.6998,-1.503181,-8.026309,-0.3199339,2.215476,7.617773,-1.960834,-0.313196,1.037344,-0.1464063
right_elbow_imu,3.191681,338.2422,222.2323,260.4428,-1.128995,-9.10439,-0.2859867,2.098455,8.586338,-2.473402,-0.3286181,1.03747,-0.1140083
right_elbow_imu,3.241682,339.6606,224.347,261.1084,-0.4085541,-10.47773,-0.1081944,1.751962,9.797555,-3.301531,-0.3450616,1.035902,-0.08188084
right_elbow_imu,3.291682,340.7043,225.4937,262.1423,0.4757524,-11.30661,-0.1518929,1.010754,10.55548,-3.955936,-0.3603157,1.030567,-0.05013308
right_elbow_imu,3.341683,341.8808,228.0711,262.24,1.284528,-11.13381,-0.3393805,0.2975332,10.41018,-4.155301,-0.3723584,1.021897,-0.01923377
right_elbow_imu,3.391684,343.207,230.9432,261.7298,1.830339,-10.40873,-0.6866038,-0.2766254,9.821133,-3.953753,-0.3798253,1.011706,0.009949028
right_elbow_imu,3.441684,344.6038,232.1069,261.6542,1.945293,-9.436841,-1.23786,-0.857926,9.113504,-3.252462,-0.382429,1.002422,0.03603718
right_elbow_imu,3.491685,345.5195,232.4241,262.0555,1.69369,-8.970709,-1.665848,-1.141293,8.846754,-2.559239,-0.3807985,0.9952117,0.0579607
right_elbow_imu,3.541686,345.8153,233.6249,262.0442,1.21603,-9.133453,-1.83385,-0.9472687,9.100278,-2.132929,-0.3761278,0.9896677,0.07529961
right_elbow_imu,3.591686,345.748,235.8496,261.4439,0.7189631,-9.208722,-1.754525,-0.492763,9.196972,-1.889123,-0.3696598,0.985602,0.08825219
right_elbow_imu,3.641687,345.7508,237.716,261.1222,0.4638433,-9.169645,-1.481387,-0.09539299,9.109632,-1.870201,-0.3620322,0.9831121,0.09750132
right_elbow_imu,3.691688,345.8251,237.6955,261.1975,0.3910542,-9.240861,-1.241624,0.1399414,9.127146,-1.940046,-0.3534269,0.9820201,0.1036464
right_elbow_imu,3.741688,345.5793,236.9026,260.778,0.4086256,-9.193726,-1.236692,0.1973825,9.072631,-1.967107,-0.3438001,0.9824437,0.1066997
right_elbow_imu,3.791689,345.1117,236.7267,260.5208,0.3983259,-9.427114,-1.021987,0.4517375,9.220642,-2.202129,-0.3331774,0.9837996,0.1071981
right_elbow_imu,3.84169,344.457,236.8931,259.4488,0.2281904,-9.103031,-0.756076,0.8716811,8.819077,-2.225552,-0.3219843,0.9868979,0.1058062
right_elbow_imu,3.89169,343.7098,236.07,258.2188,-0.08332729,-9.048839,-0.4754573,1.451889,8.665505,-2.217122,-0.3109995,0.9918742,0.1032258
right_elbow_imu,3.941691,343.0865,234.555,257.9146,-0.3589153,-9.443183,-0.146091,2.001719,8.923109,-2.386475,-0.300912,0.9977424,0.1002801
right_elbow_imu,3.991692,342.9901,234.2348,258.0258,-0.5789995,-9.86187,0.04940629,2.353568,9.272921,-2.463327,-0.2922719,1.003456,0.09745789
right_elbow_imu,4.041691,343.3302,234.1051,258.3214,-0.7443666,-10.7151,0.1613975,2.662768,10.08029,-2.586678,-0.2854928,1.006882,0.0950392
right_elbow_imu,4.09169,343.8753,233.2778,258.9191,-0.9232759,-11.06295,0.2648205,2.823733,10.44124,-2.513693,-0.2810219,1.00715,0.09328256
right_elbow_imu,4.141689,344.6015,232.3668,259.5098,-0.5021811,-10.64415,0.0462383,2.223762,10.1245,-2.47015,-0.2778065,1.005308,0.09164152
right_elbow_imu,4.191689,345.3153,231.7277,259.9193,-0.7887721,-10.24222,-0.1106322,2.160224,9.856064,-1.931088,-0.2765629,1.002361,0.08972389
right_elbow_imu,4.241688,345.8636,231.4679,260.0932,-0.8169651,-9.924526,-0.4395097,1.856797,9.671707,-1.538645,-0.2773618,0.9991022,0.0867075
right_elbow_imu,4.291687,346.1111,231.2553,260.1913,-0.8847594,-9.910007,-0.611338,1.758564,9.720255,-1.337502,-0.2803726,0.9955684,0.08216275
right_elbow_imu,4.341686,345.8411,231.0747,259.8742,-0.9209037,-9.809942,-0.7067263,1.750552,9.638158,-1.274411,-0.2856856,0.9920098,0.07585119
right_elbow_imu,4.391685,345.1354,231.0446,259.1385,-0.8089066,-9.753604,-0.7044226,1.789738,9.535769,-1.466109,-0.2930209,0.9885671,0.06777858
right_elbow_imu,4.441685,344.3197,231.2405,258.2648,-0.544548,-9.574313,-0.5288586,1.846411,9.239855,-1.860046,-0.3017176,0.9856887,0.05838382
right_elbow_imu,4.491684,343.6289,231.7558,257.2503,-0.2311587,-9.318442,-0.307177,1.900516,8.844039,-2.269849,-0.3109922,0.9840142,0.04822112
right_elbow_imu,4.541683,343.0413,231.7822,256.3706,0.1216173,-9.320111,-0.04427433,1.989087,8.670395,-2.783714,-0.3199627,0.9835393,0.03794773
right_elbow_imu,4.591682,342.4587,231.5001,255.537,0.402689,-9.488006,0.2177143,2.147806,8.648643,-3.28934,-0.3279265,0.9838445,0.02821862
right_elbow_imu,4.641682,342.0172,231.4156,254.7242,0.5245566,-9.628577,0.4487514,2.379568,8.622947,-3.628861,-0.3345789,0.9845783,0.0196114
right_elbow_imu,4.691681,341.5025,231.1099,254.0219,0.5582094,-9.678741,0.5731106,2.549197,8.555524,-3.823977,-0.3398358,0.9856151,0.01243695
right_elbow_imu,4.74168,341.1627,230.8456,253.4672,0.5215526,-9.732265,0.6351818,2.703602,8.534415,-3.904727,-0.3437888,0.9868214,0.006850453
right_elbow_imu,4.791679,341.0254,231.0556,252.9095,0.4034519,-9.831853,0.6840576,2.927463,8.574072,-3.900172,-0.3467332,0.9879479,0.002974103
right_knee_imu,0.04166667,12.47438,258.1077,88.7448,-0.02231598,-9.787329,-0.0215888,-0.1926836,-9.548674,2.139758,-0.1639304,0.2691105,0.09468603
right_knee_imu,0.09166667,12.5533,258.1345,88.79997,0.004929304,-9.822424,-0.01880825,-0.1813799,-9.586124,2.133947,-0.1639739,0.2690862,0.09458504
right_knee_imu,0.1416667,12.76991,258.1808,89.06837,-0.004279613,-9.819706,-0.0880152,-0.07036765,-9.572035,2.19218,-0.1640281,0.2690125,0.09426401
right_knee_imu,0.1916667,13.1831,257.9342,89.69479,-0.04547834,-9.821482,-0.1476705,0.0840545,-9.546052,2.313281,-0.1641959,0.2688852,0.0935738
right_knee_imu,0.2416668,13.7121,257.7883,90.63789,-0.08701682,-9.829313,-0.4241586,0.5019819,-9.502742,2.49976,-0.1645813,0.2686845,0.0918232
right_knee_imu,0.2916667,14.16253,257.5474,91.14404,-0.07010698,-9.795458,-0.3232539,0.4894314,-9.45604,2.530651,-0.165142,0.2684953,0.08926446
right_knee_imu,0.3416667,14.49686,257.6345,91.08268,-0.09307861,-9.802599,0.1200765,0.04181935,-9.475079,2.516984,-0.1659354,0.2682995,0.08700591
right_knee_imu,0.3916666,14.80647,258.0784,90.72858,-0.1688123,-9.846539,0.2476573,-0.1564867,-9.493204,2.626559,-0.1671508,0.2679874,0.08536651
right_knee_imu,0.4416666,15.08566,258.3915,90.36366,-0.1486659,-9.86249,0.5176067,-0.4765472,-9.515035,2.606882,-0.1687378,0.267519,0.08502112
right_knee_imu,0.4916665,15.28877,257.7271,89.87365,-0.08965731,-9.842153,0.4694015,-0.4986704,-9.495966,2.583479,-0.170549,0.2669453,0.08584924
right_knee_imu,0.5416665,15.15306,257.2581,89.12223,0.01971126,-9.827454,0.2620101,-0.3968026,-9.500933,2.494545,-0.172311,0.2663029,0.08733238
right_knee_imu,0.5916665,14.61565,257.7205,88.36909,0.2142966,-9.909756,0.1753479,-0.4003924,-9.64384,2.261862,-0.1735372,0.2653862,0.08925389
right_knee_imu,0.6416664,14.14063,259.0201,88.05164,0.3074884,-9.910948,0.1219809,-0.3905954,-9.682378,2.10603,-0.1739946,0.2641921,0.09148036
right_knee_imu,0.6916664,13.93087,260.3879,88.3282,0.2601504,-9.761936,0.02571344,-0.260173,-9.534062,2.097075,-0.1738017,0.2630931,0.09377111
right_knee_imu,0.7416663,13.85583,261.8717,89.06654,0.1807392,-9.538765,-0.1642436,0.03664193,-9.300322,2.13317,-0.173157,0.2626472,0.09565125
right_knee_imu,0.7916663,13.7432,261.9377,89.68081,0.02997518,-9.239717,-0.4296988,0.3796934,-8.970178,2.224796,-0.1724373,0.2636021,0.09645714
right_knee_imu,0.8416662,13.20942,261.3853,90.03658,0.06824732,-9.250684,-0.3964156,0.4079185,-9.007515,2.105999,-0.171547,0.2659302,0.09627199
right_knee_imu,0.8916662,13.25327,261.7008,91.26894,-0.05082488,-9.468586,-0.1255572,0.3206346,-9.195875,2.237324,-0.1707837,0.2690869,0.09577295
right_knee_imu,0.9416661,14.48015,263.5838,94.0257,-0.0459075,-9.625299,0.4858106,0.1677292,-9.332969,2.39836,-0.1701352,0.2726803,0.09648844
right_knee_imu,0.9916661,16.33493,270.3553,99.8389,0.6864846,-9.683687,1.983282,-0.337925,-9.682568,2.076594,-0.1677705,0.2765645,0.1021621
right_knee_imu,1.041666,16.89432,278.7987,104.9169,1.334065,-9.538538,3.089854,-0.7350822,-9.895354,1.962737,-0.1620707,0.2811023,0.1155605
right_knee_imu,1.091666,17.23231,282.7907,106.1031,1.737386,-9.881277,2.981785,-0.4605665,-10.27498,1.939582,-0.1520273,0.285437,0.1364132
right_knee_imu,1.141666,16.86428,283.908,103.8595,1.629436,-10.38005,2.015841,0.1757446,-10.516,1.961362,-0.1379104,0.2883215,0.1623056
right_knee_imu,1.191666,16.43786,284.1409,101.2366,0.172621,-10.33921,0.02372861,1.877334,-9.784079,2.770752,-0.123362,0.289858,0.1882574
right_knee_imu,1.241666,17.09786,284.4398,100.5937,-1.09953,-9.902568,-1.924682,3.810077,-8.741505,3.470404,-0.1115623,0.2911381,0.2093974
right_knee_imu,1.291666,17.93348,285.0477,101.3078,-2.064586,-9.567768,-2.908885,4.990345,-7.896322,4.124439,-0.1049241,0.2929988,0.2232652
right_knee_imu,1.341666,17.58319,286.0068,101.1536,-1.805702,-9.523924,-2.616221,4.652778,-8.024088,3.843969,-0.1028002,0.2955497,0.2305924
right_knee_imu,1.391666,16.95427,286.071,100.1688,-0.6469071,-9.904177,-1.49833,3.255362,-8.979729,3.085996,-0.1022936,0.2978401,0.2341738
right_knee_imu,1.441666,16.37854,286.4372,99.76767,-0.09691119,-10.19799,-0.7960558,2.445724,-9.544905,2.748716,-0.1020292,0.2991356,0.2357651
right_knee_imu,1.491666,15.78234,287.3028,100.1474,0.3850549,-9.801979,-0.2111673,1.768174,-9.384817,2.251769,-0.1008022,0.3004261,0.2368285
right_knee_imu,1.541666,14.87705,288.6055,100.9975,0.3620476,-9.121449,-0.01622438,1.600505,-8.760682,2.005267,-0.09867004,0.3034129,0.2378513
right_knee_imu,1.591666,13.6819,289.2485,101.8862,0.01642704,-8.651085,-0.458926,2.158093,-8.175859,1.884184,-0.09649684,0.3092721,0.2377267
right_knee_imu,1.641665,12.79752,288.6079,103.4369,-0.06396472,-9.072954,-0.9717882,2.98442,-8.440372,1.766446,-0.09448355,0.3169489,0.2351728
right_knee_imu,1.691665,12.44844,286.8503,106.7255,-0.3549278,-9.566767,-1.416439,4.089673,-8.541544,1.992993,-0.09335759,0.3252088,0.2290777
right_knee_imu,1.741665,12.57091,285.5612,111.7331,-0.70149,-9.962566,-2.301848,5.830508,-8.130012,2.225198,-0.09398534,0.3330622,0.217228
right_knee_imu,1.791665,12.87112,283.9928,117.8186,-1.007631,-9.837587,-3.345847,7.544901,-6.820011,2.355878,-0.09713218,0.3408217,0.1970137
right_knee_imu,1.841665,14.78429,280.0829,123.2666,-0.8138329,-9.387202,-4.375595,8.694992,-5.140286,2.429482,-0.1023136,0.3496132,0.1658604
right_knee_imu,1.891665,16.71517,274.2194,124.3053,-0.0218451,-9.935923,-5.389722,9.865467,-4.919432,2.498782,-0.1075496,0.3580648,0.1212327
right_knee_imu,1.941665,16.68,267.3302,119.4827,0.5644143,-11.16173,-5.996552,10.53965,-6.417582,2.931197,-0.1113746,0.3631122,0.06161375
right_knee_imu,1.991665,15.26493,258.6539,110.2576,0.8559853,-12.14026,-6.367955,10.03276,-8.665284,3.595278,-0.1130596,0.3623089,-0.01392514
right_knee_imu,2.041666,11.37537,248.9649,98.44508,0.9784997,-12.42089,-9.420154,10.76132,-10.22053,4.869341,-0.1122984,0.3549534,-0.1130144
right_knee_imu,2.091666,4.656075,240.887,85.1738,0.7855356,-10.501,-3.133183,2.233625,-10.6239,1.687755,-0.1095734,0.3458454,-0.2199366
right_knee_imu,2.141667,357.5225,234.9368,72.58814,1.100507,-7.004423,-3.344979,1.108487,-7.727807,0.7171071,-0.104097,0.3437263,-0.3352213
right_knee_imu,2.191668,352.6841,234.3854,60.51884,1.547387,-4.360886,0.1690483,-1.378896,-3.990792,-1.900669,-0.09475225,0.355205,-0.4500833
right_knee_imu,2.241668,351.6131,238.2249,50.13522,1.167929,-3.30698,3.973222,-3.92914,-0.3949329,-3.534484,-0.08248764,0.3829163,-0.5550123
right_knee_imu,2.291669,352.7805,241.8812,43.889,0.3521472,-5.054588,7.289014,-7.616353,1.36343,-4.351421,-0.06934265,0.4224911,-0.6417188
right_knee_imu,2.34167,352.6458,242.1551,41.98495,-0.5795375,-8.987398,9.151721,-11.86176,0.5758334,-4.881615,-0.05764651,0.4640974,-0.705546
right_knee_imu,2.39167,350.4331,239.7211,43.13462,-1.288493,-12.72188,9.129524,-14.56599,-1.95303,-5.556299,-0.0491716,0.498399,-0.7465493
right_knee_imu,2.441671,348.9839,237.2721,45.67673,-1.373281,-15.38225,8.164835,-15.55956,-5.038377,-6.138311,-0.04412989,0.518745,-0.7671406
right_knee_imu,2.491672,349.4745,236.3791,48.27383,-1.226881,-15.91689,6.848335,-14.84191,-7.054039,-5.631228,-0.04215539,0.5237988,-0.770611
right_knee_imu,2.541672,350.8048,235.7094,51.89842,-1.114185,-14.70775,5.672884,-12.91669,-7.859512,-4.596542,-0.04296635,0.5165831,-0.7598992
right_knee_imu,2.591673,352.6163,234.5334,57.60447,-1.005375,-13.2503,4.998541,-10.82687,-8.375854,-3.767035,-0.04629074,0.5007418,-0.7366911
right_knee_imu,2.641674,355.7043,233.9209,65.65802,-0.9217352,-12.10862,4.938817,-9.041423,-8.98455,-3.064432,-0.05191948,0.4791289,-0.7011359
right_knee_imu,2.691674,0.1732173,234.5554,75.37789,-0.8393764,-10.91762,5.171561,-7.305523,-9.384289,-2.282233,-0.05964665,0.4547219,-0.6526518
right_knee_imu,2.741675,4.83239,235.6327,85.79072,-0.8836344,-9.778256,5.214,-5.518532,-9.550709,-1.382303,-0.06958292,0.4303693,-0.5911327
right_knee_imu,2.791676,9.361932,238.43,95.47713,-0.9752497,-8.84654,4.687071,-3.625067,-9.381557,-0.1622683,-0.0819573,0.4084003,-0.5178959
right_knee_imu,2.841676,12.77518,244.1141,102.9741,-0.8895725,-8.546872,3.538096,-1.57198,-9.084738,1.164015,-0.09655562,0.3895642,-0.4358139
right_knee_imu,2.891677,14.80789,250.9063,108.341,-0.5144298,-8.739241,1.814818,0.8797249,-8.638484,2.12961,-0.11244,0.3733799,-0.3491949
right_knee_imu,2.941678,16.06266,257.276,111.4334,0.2183914,-9.148331,-0.02574921,3.301591,-8.209856,2.331975,-0.1277784,0.3588249,-0.2626402
right_knee_imu,2.991678,16.36852,263.8535,112.2317,1.011309,-9.457607,-1.523423,5.025403,-8.005417,1.857053,-0.1405886,0.3451258,-0.1798941
right_knee_imu,3.041679,16.22487,267.869,110.435,1.625836,-9.497685,-2.858863,6.065882,-7.924502,1.195799,-0.1493341,0.3321825,-0.1042951
right_knee_imu,3.09168,15.52003,268.1521,105.9438,1.778489,-9.411413,-4.097471,6.604879,-8.00203,0.9328253,-0.1536334,0.3202107,-0.03893984
right_knee_imu,3.14168,15.52636,265.5402,100.8429,1.551735,-9.220262,-5.230157,6.968347,-8.02139,1.369369,-0.1540534,0.3096882,0.01334006
right_knee_imu,3.191681,16.34091,263.9232,98.39088,0.9136319,-8.854122,-5.65487,6.911165,-7.657093,2.19378,-0.1521893,0.3015304,0.05148277
right_knee_imu,3.241682,17.13407,263.9256,97.41535,-0.6775022,-8.717508,-5.634263,6.511555,-7.176109,3.781812,-0.152019,0.2960788,0.07553983
right_knee_imu,3.291682,16.91982,263.1125,95.37608,-0.2438247,-9.344192,-4.098423,4.839424,-8.309358,3.421269,-0.1524582,0.2917668,0.08935083
right_knee_imu,3.341683,16.69805,261.2301,93.55267,-0.2811491,-9.769352,-2.464875,2.9568,-9.003667,3.433121,-0.1536003,0.2875314,0.09699964
right_knee_imu,3.391684,16.44104,260.1747,92.40812,-0.2578855,-10.15279,-1.267225,1.607127,-9.54544,3.324645,-0.1553871,0.282414,0.1014804
right_knee_imu,3.441684,16.23718,259.4894,91.72712,0.8609235,-10.13698,-0.3399849,0.7910555,-9.932663,2.081275,-0.1550217,0.2764542,0.1051112
right_knee_imu,3.491685,16.20517,260.0157,91.65775,0.1034617,-9.385438,-0.4307836,0.7029623,-9.003571,2.593142,-0.1543975,0.2715307,0.107665
right_knee_imu,3.541686,16.13634,260.5257,91.67094,-0.2224088,-9.170515,-0.3419101,0.555149,-8.720136,2.813502,-0.1543294,0.268181,0.1093641
right_knee_imu,3.591686,15.8132,260.6071,91.47765,-0.08800626,-9.217353,-0.264734,0.4745222,-8.823792,2.636858,-0.1544813,0.2662879,0.1104013
right_knee_imu,3.641687,15.30257,260.7383,90.92645,-0.0166893,-9.373409,0.03216267,0.1117115,-9.037477,2.484691,-0.1546749,0.2654613,0.1115189
right_knee_imu,3.691688,14.74006,261.2844,90.24464,0.09853244,-9.527596,0.2598584,-0.2024338,-9.249794,2.291876,-0.1546222,0.2653157,0.1132862
right_knee_imu,3.741688,14.57422,261.8497,90.20811,0.1370549,-9.484226,0.2349555,-0.1796517,-9.222285,2.223011,-0.1542268,0.2659595,0.1156408
right_knee_imu,3.791689,14.09831,262.6293,90.77129,0.220114,-9.73093,-0.1017869,0.2568919,-9.485224,2.171267,-0.1532812,0.266776,0.117741
right_knee_imu,3.84169,13.9327,263.1027,91.90354,0.1157343,-9.68364,-0.5773604,0.8993217,-9.385018,2.287425,-0.1520462,0.2678834,0.1183978
right_knee_imu,3.89169,13.88881,262.7644,93.20538,-0.1318097,-9.477611,-0.9954542,1.48042,-9.070449,2.523642,-0.1511407,0.2697967,0.116566
right_knee_imu,3.941691,13.90804,262.752,94.08644,-0.07408261,-9.507759,-0.8416533,1.47808,-9.103647,2.459736,-0.1504205,0.2724407,0.11263
right_knee_imu,3.991692,13.9882,262.7118,94.79815,-0.2258062,-9.526558,-0.3179997,1.053665,-9.124004,2.559265,-0.1502647,0.2757683,0.107899
right_knee_imu,4.041691,14.1513,262.2545,94.98772,-0.1054168,-9.89253,0.1615882,0.6585646,-9.551027,2.498729,-0.1503725,0.2788645,0.103572
right_knee_imu,4.09169,13.99518,262.5313,93.96721,0.2007425,-10.53632,0.6461084,0.09900143,-10.30987,2.273484,-0.1499785,0.28012,0.1008603
right_knee_imu,4.141689,13.91978,262.0125,93.30244,0.2263725,-10.45484,0.428161,0.1966149,-10.22171,2.239707,-0.1490185,0.2797383,0.09921893
right_knee_imu,4.191689,13.35729,261.1153,92.94649,0.06664991,-10.22015,0.3111273,0.2157848,-9.97209,2.250266,-0.1478919,0.2783063,0.09835542
right_knee_imu,4.241688,13.4095,260.9047,92.63388,-0.223428,-9.981091,0.1612186,0.2497801,-9.662458,2.50452,-0.1473239,0.2764215,0.09789495
right_knee_imu,4.291687,13.57794,261.4229,92.42504,-0.2001047,-9.792072,0.2070397,0.1667313,-9.480633,2.461185,-0.1472561,0.2745566,0.09795208
right_knee_imu,4.341686,13.85154,260.7883,92.16729,-0.2195418,-9.684176,0.002112985,0.3164195,-9.345475,2.528539,-0.1477372,0.2729812,0.0980145
right_knee_imu,4.391685,14.179,260.6694,91.98101,-0.2244353,-9.800191,0.09554625,0.1961214,-9.450047,2.600277,-0.1487794,0.2714054,0.09831578
right_knee_imu,4.441685,14.51152,260.3181,91.75646,0.0195086,-9.79932,0.2093285,0.08822881,-9.502098,2.402763,-0.1497728,0.2698312,0.09914038
right_knee_imu,4.491684,14.7965,260.5242,91.53932,-0.06756783,-9.685726,0.02221763,0.2181045,-9.345969,2.534506,-0.1509351,0.2685427,0.1000205
right_knee_imu,4.541683,15.08599,260.578,91.32275,-0.108701,-9.634884,0.07027984,0.127074,-9.277458,2.600086,-0.1523692,0.2676671,0.1010764
right_knee_imu,4.591682,15.3022,260.6569,91.05361,0.02681613,-9.719069,0.02373457,0.153466,-9.381269,2.535721,-0.1537362,0.2669937,0.1021915
right_knee_imu,4.641682,15.49861,260.5115,90.85356,0.07629991,-9.742374,-0.00512898,0.1577881,-9.406693,2.531603,-0.1549125,0.2664644,0.1032939
right_knee_imu,4.691681,15.72263,260.5807,90.83495,0.05528331,-9.722586,-0.07980466,0.2243115,-9.367782,2.594708,-0.1559506,0.2661287,0.1041967
right_knee_imu,4.74168,15.96338,260.5743,90.94041,0.04420877,-9.746941,-0.1342952,0.2936079,-9.373468,2.659847,-0.1568781,0.2659256,0.1047639
right_knee_imu,4.791679,16.19785,260.5073,91.10452,0.05912781,-9.758289,-0.1805156,0.3685546,-9.37353,2.694711,-0.1576578,0.2658267,0.1048797
